{
  "creator": "Yosys 0.33+6 (git sha1 41b34a193, x86_64-conda-linux-gnu-cc 11.2.0 -fvisibility-inlines-hidden -fmessage-length=0 -march=nocona -mtune=haswell -ftree-vectorize -fPIC -fstack-protector-strong -fno-plt -O2 -ffunction-sections -fdebug-prefix-map=/root/conda-eda/conda-eda/workdir/conda-env/conda-bld/yosys_1694128612374/work=/usr/local/src/conda/yosys-0.33_7_g41b34a193 -fdebug-prefix-map=/home/alejandro/miniconda3/envs/digital=/usr/local/src/conda-prefix -fPIC -Os -fno-merge-constants)",
  "modules": {
    "ContadorConEcho": {
      "attributes": {
        "src": "./top.v:24.1-42.10"
      },
      "ports": {
        "clk": {
          "direction": "input",
          "bits": [ 2 ]
        },
        "echo": {
          "direction": "input",
          "bits": [ 3 ]
        },
        "contador2": {
          "direction": "output",
          "bits": [ 4, 5, 6, 7, 8, 9, 10, 11, 12, 13, 14, 15, 16, 17, 18, 19, 20, 21, 22, 23 ]
        }
      },
      "cells": {
        "$add$./top.v:34$6": {
          "hide_name": 1,
          "type": "$add",
          "parameters": {
            "A_SIGNED": "00000000000000000000000000000000",
            "A_WIDTH": "00000000000000000000000000010100",
            "B_SIGNED": "00000000000000000000000000000000",
            "B_WIDTH": "00000000000000000000000000000001",
            "Y_WIDTH": "00000000000000000000000000010100"
          },
          "attributes": {
            "src": "./top.v:34.15-34.26"
          },
          "port_directions": {
            "A": "input",
            "B": "input",
            "Y": "output"
          },
          "connections": {
            "A": [ 4, 5, 6, 7, 8, 9, 10, 11, 12, 13, 14, 15, 16, 17, 18, 19, 20, 21, 22, 23 ],
            "B": [ "1" ],
            "Y": [ 24, 25, 26, 27, 28, 29, 30, 31, 32, 33, 34, 35, 36, 37, 38, 39, 40, 41, 42, 43 ]
          }
        },
        "$procdff$83": {
          "hide_name": 1,
          "type": "$dff",
          "parameters": {
            "CLK_POLARITY": "1",
            "WIDTH": "00000000000000000000000000010100"
          },
          "attributes": {
            "src": "./top.v:30.1-40.5"
          },
          "port_directions": {
            "CLK": "input",
            "D": "input",
            "Q": "output"
          },
          "connections": {
            "CLK": [ 2 ],
            "D": [ 44, 45, 46, 47, 48, 49, 50, 51, 52, 53, 54, 55, 56, 57, 58, 59, 60, 61, 62, 63 ],
            "Q": [ 4, 5, 6, 7, 8, 9, 10, 11, 12, 13, 14, 15, 16, 17, 18, 19, 20, 21, 22, 23 ]
          }
        },
        "$procmux$42": {
          "hide_name": 1,
          "type": "$mux",
          "parameters": {
            "WIDTH": "00000000000000000000000000010100"
          },
          "attributes": {
            "full_case": "00000000000000000000000000000001",
            "src": "./top.v:32.6-32.13|./top.v:32.3-39.7"
          },
          "port_directions": {
            "A": "input",
            "B": "input",
            "S": "input",
            "Y": "output"
          },
          "connections": {
            "A": [ "0", "0", "0", "0", "0", "0", "0", "0", "0", "0", "0", "0", "0", "0", "0", "0", "0", "0", "0", "0" ],
            "B": [ 24, 25, 26, 27, 28, 29, 30, 31, 32, 33, 34, 35, 36, 37, 38, 39, 40, 41, 42, 43 ],
            "S": [ 3 ],
            "Y": [ 44, 45, 46, 47, 48, 49, 50, 51, 52, 53, 54, 55, 56, 57, 58, 59, 60, 61, 62, 63 ]
          }
        }
      },
      "netnames": {
        "$0\\contador2[19:0]": {
          "hide_name": 1,
          "bits": [ 44, 45, 46, 47, 48, 49, 50, 51, 52, 53, 54, 55, 56, 57, 58, 59, 60, 61, 62, 63 ],
          "attributes": {
            "src": "./top.v:30.1-40.5"
          }
        },
        "$add$./top.v:34$6_Y": {
          "hide_name": 1,
          "bits": [ 24, 25, 26, 27, 28, 29, 30, 31, 32, 33, 34, 35, 36, 37, 38, 39, 40, 41, 42, 43 ],
          "attributes": {
          }
        },
        "clk": {
          "hide_name": 0,
          "bits": [ 2 ],
          "attributes": {
            "src": "./top.v:25.16-25.19"
          }
        },
        "contador2": {
          "hide_name": 0,
          "bits": [ 4, 5, 6, 7, 8, 9, 10, 11, 12, 13, 14, 15, 16, 17, 18, 19, 20, 21, 22, 23 ],
          "attributes": {
            "src": "./top.v:27.23-27.32"
          }
        },
        "echo": {
          "hide_name": 0,
          "bits": [ 3 ],
          "attributes": {
            "src": "./top.v:26.16-26.20"
          }
        }
      }
    },
    "ContadorConTrigger": {
      "attributes": {
        "src": "./top.v:5.1-23.10"
      },
      "parameter_default_values": {
        "limite": "01111010000100100000"
      },
      "ports": {
        "clk": {
          "direction": "input",
          "bits": [ 2 ]
        },
        "trigger": {
          "direction": "output",
          "bits": [ 3 ]
        }
      },
      "cells": {
        "$add$./top.v:15$3": {
          "hide_name": 1,
          "type": "$add",
          "parameters": {
            "A_SIGNED": "00000000000000000000000000000000",
            "A_WIDTH": "00000000000000000000000000010100",
            "B_SIGNED": "00000000000000000000000000000000",
            "B_WIDTH": "00000000000000000000000000000001",
            "Y_WIDTH": "00000000000000000000000000010100"
          },
          "attributes": {
            "src": "./top.v:15.22-15.35"
          },
          "port_directions": {
            "A": "input",
            "B": "input",
            "Y": "output"
          },
          "connections": {
            "A": [ 4, 5, 6, 7, 8, 9, 10, 11, 12, 13, 14, 15, 16, 17, 18, 19, 20, 21, 22, 23 ],
            "B": [ "1" ],
            "Y": [ 24, 25, 26, 27, 28, 29, 30, 31, 32, 33, 34, 35, 36, 37, 38, 39, 40, 41, 42, 43 ]
          }
        },
        "$lt$./top.v:14$2": {
          "hide_name": 1,
          "type": "$lt",
          "parameters": {
            "A_SIGNED": "00000000000000000000000000000000",
            "A_WIDTH": "00000000000000000000000000010100",
            "B_SIGNED": "00000000000000000000000000000000",
            "B_WIDTH": "00000000000000000000000000010011",
            "Y_WIDTH": "00000000000000000000000000000001"
          },
          "attributes": {
            "src": "./top.v:14.9-14.27"
          },
          "port_directions": {
            "A": "input",
            "B": "input",
            "Y": "output"
          },
          "connections": {
            "A": [ 4, 5, 6, 7, 8, 9, 10, 11, 12, 13, 14, 15, 16, 17, 18, 19, 20, 21, 22, 23 ],
            "B": [ "0", "0", "0", "0", "0", "1", "0", "0", "1", "0", "0", "0", "0", "1", "0", "1", "1", "1", "1" ],
            "Y": [ 44 ]
          }
        },
        "$procdff$84": {
          "hide_name": 1,
          "type": "$dff",
          "parameters": {
            "CLK_POLARITY": "1",
            "WIDTH": "00000000000000000000000000000001"
          },
          "attributes": {
            "src": "./top.v:13.1-21.4"
          },
          "port_directions": {
            "CLK": "input",
            "D": "input",
            "Q": "output"
          },
          "connections": {
            "CLK": [ 2 ],
            "D": [ 45 ],
            "Q": [ 3 ]
          }
        },
        "$procdff$85": {
          "hide_name": 1,
          "type": "$dff",
          "parameters": {
            "CLK_POLARITY": "1",
            "WIDTH": "00000000000000000000000000010100"
          },
          "attributes": {
            "src": "./top.v:13.1-21.4"
          },
          "port_directions": {
            "CLK": "input",
            "D": "input",
            "Q": "output"
          },
          "connections": {
            "CLK": [ 2 ],
            "D": [ 46, 47, 48, 49, 50, 51, 52, 53, 54, 55, 56, 57, 58, 59, 60, 61, 62, 63, 64, 65 ],
            "Q": [ 4, 5, 6, 7, 8, 9, 10, 11, 12, 13, 14, 15, 16, 17, 18, 19, 20, 21, 22, 23 ]
          }
        },
        "$procmux$45": {
          "hide_name": 1,
          "type": "$mux",
          "parameters": {
            "WIDTH": "00000000000000000000000000000001"
          },
          "attributes": {
            "full_case": "00000000000000000000000000000001",
            "src": "./top.v:14.9-14.27|./top.v:14.5-20.8"
          },
          "port_directions": {
            "A": "input",
            "B": "input",
            "S": "input",
            "Y": "output"
          },
          "connections": {
            "A": [ "0" ],
            "B": [ "1" ],
            "S": [ 44 ],
            "Y": [ 45 ]
          }
        },
        "$procmux$48": {
          "hide_name": 1,
          "type": "$mux",
          "parameters": {
            "WIDTH": "00000000000000000000000000010100"
          },
          "attributes": {
            "full_case": "00000000000000000000000000000001",
            "src": "./top.v:14.9-14.27|./top.v:14.5-20.8"
          },
          "port_directions": {
            "A": "input",
            "B": "input",
            "S": "input",
            "Y": "output"
          },
          "connections": {
            "A": [ "0", "0", "0", "0", "0", "0", "0", "0", "0", "0", "0", "0", "0", "0", "0", "0", "0", "0", "0", "0" ],
            "B": [ 24, 25, 26, 27, 28, 29, 30, 31, 32, 33, 34, 35, 36, 37, 38, 39, 40, 41, 42, 43 ],
            "S": [ 44 ],
            "Y": [ 46, 47, 48, 49, 50, 51, 52, 53, 54, 55, 56, 57, 58, 59, 60, 61, 62, 63, 64, 65 ]
          }
        }
      },
      "netnames": {
        "$0\\contador1[19:0]": {
          "hide_name": 1,
          "bits": [ 46, 47, 48, 49, 50, 51, 52, 53, 54, 55, 56, 57, 58, 59, 60, 61, 62, 63, 64, 65 ],
          "attributes": {
            "src": "./top.v:13.1-21.4"
          }
        },
        "$0\\trigger[0:0]": {
          "hide_name": 1,
          "bits": [ 45 ],
          "attributes": {
            "src": "./top.v:13.1-21.4"
          }
        },
        "$add$./top.v:15$3_Y": {
          "hide_name": 1,
          "bits": [ 24, 25, 26, 27, 28, 29, 30, 31, 32, 33, 34, 35, 36, 37, 38, 39, 40, 41, 42, 43 ],
          "attributes": {
          }
        },
        "$lt$./top.v:14$2_Y": {
          "hide_name": 1,
          "bits": [ 44 ],
          "attributes": {
            "src": "./top.v:14.9-14.27"
          }
        },
        "clk": {
          "hide_name": 0,
          "bits": [ 2 ],
          "attributes": {
            "src": "./top.v:6.16-6.19"
          }
        },
        "contador1": {
          "hide_name": 0,
          "bits": [ 4, 5, 6, 7, 8, 9, 10, 11, 12, 13, 14, 15, 16, 17, 18, 19, 20, 21, 22, 23 ],
          "attributes": {
            "src": "./top.v:10.12-10.21"
          }
        },
        "trigger": {
          "hide_name": 0,
          "bits": [ 3 ],
          "attributes": {
            "src": "./top.v:7.16-7.23"
          }
        }
      }
    },
    "ControlLed": {
      "attributes": {
        "src": "./top.v:43.1-83.10"
      },
      "parameter_default_values": {
        "L1": "00010001000101110000",
        "L1m": "00001100001101010000",
        "L2": "00001100001101010000",
        "L2m": "00000111010100110000",
        "L3": "00000111010100110000",
        "L3m": "00000000101110111000"
      },
      "ports": {
        "clk": {
          "direction": "input",
          "bits": [ 2 ]
        },
        "contador2": {
          "direction": "input",
          "bits": [ 3, 4, 5, 6, 7, 8, 9, 10, 11, 12, 13, 14, 15, 16, 17, 18, 19, 20, 21, 22 ]
        },
        "led1": {
          "direction": "output",
          "bits": [ 23 ]
        },
        "led2": {
          "direction": "output",
          "bits": [ 24 ]
        },
        "led3": {
          "direction": "output",
          "bits": [ 25 ]
        }
      },
      "cells": {
        "$auto$proc_dlatch.cc:244:make_hold$50": {
          "hide_name": 1,
          "type": "$not",
          "parameters": {
            "A_SIGNED": "00000000000000000000000000000000",
            "A_WIDTH": "00000000000000000000000000000001",
            "Y_WIDTH": "00000000000000000000000000000001"
          },
          "attributes": {
            "src": "./top.v:60.1-81.5"
          },
          "port_directions": {
            "A": "input",
            "Y": "output"
          },
          "connections": {
            "A": [ 26 ],
            "Y": [ 27 ]
          }
        },
        "$auto$proc_dlatch.cc:244:make_hold$52": {
          "hide_name": 1,
          "type": "$not",
          "parameters": {
            "A_SIGNED": "00000000000000000000000000000000",
            "A_WIDTH": "00000000000000000000000000000001",
            "Y_WIDTH": "00000000000000000000000000000001"
          },
          "attributes": {
            "src": "./top.v:60.1-81.5"
          },
          "port_directions": {
            "A": "input",
            "Y": "output"
          },
          "connections": {
            "A": [ 28 ],
            "Y": [ 29 ]
          }
        },
        "$auto$proc_dlatch.cc:244:make_hold$54": {
          "hide_name": 1,
          "type": "$not",
          "parameters": {
            "A_SIGNED": "00000000000000000000000000000000",
            "A_WIDTH": "00000000000000000000000000000001",
            "Y_WIDTH": "00000000000000000000000000000001"
          },
          "attributes": {
            "src": "./top.v:60.1-81.5"
          },
          "port_directions": {
            "A": "input",
            "Y": "output"
          },
          "connections": {
            "A": [ 30 ],
            "Y": [ 31 ]
          }
        },
        "$auto$proc_dlatch.cc:257:make_hold$64": {
          "hide_name": 1,
          "type": "$and",
          "parameters": {
            "A_SIGNED": "00000000000000000000000000000000",
            "A_WIDTH": "00000000000000000000000000000001",
            "B_SIGNED": "00000000000000000000000000000000",
            "B_WIDTH": "00000000000000000000000000000001",
            "Y_WIDTH": "00000000000000000000000000000001"
          },
          "attributes": {
            "src": "./top.v:60.1-81.5"
          },
          "port_directions": {
            "A": "input",
            "B": "input",
            "Y": "output"
          },
          "connections": {
            "A": [ 29 ],
            "B": [ 31 ],
            "Y": [ 32 ]
          }
        },
        "$auto$proc_dlatch.cc:257:make_hold$70": {
          "hide_name": 1,
          "type": "$and",
          "parameters": {
            "A_SIGNED": "00000000000000000000000000000000",
            "A_WIDTH": "00000000000000000000000000000001",
            "B_SIGNED": "00000000000000000000000000000000",
            "B_WIDTH": "00000000000000000000000000000001",
            "Y_WIDTH": "00000000000000000000000000000001"
          },
          "attributes": {
            "src": "./top.v:60.1-81.5"
          },
          "port_directions": {
            "A": "input",
            "B": "input",
            "Y": "output"
          },
          "connections": {
            "A": [ 27 ],
            "B": [ 32 ],
            "Y": [ 33 ]
          }
        },
        "$auto$proc_dlatch.cc:427:proc_dlatch$76": {
          "hide_name": 1,
          "type": "$dlatch",
          "parameters": {
            "EN_POLARITY": "00000000000000000000000000000000",
            "WIDTH": "00000000000000000000000000000001"
          },
          "attributes": {
            "src": "./top.v:60.1-81.5"
          },
          "port_directions": {
            "D": "input",
            "EN": "input",
            "Q": "output"
          },
          "connections": {
            "D": [ 34 ],
            "EN": [ 33 ],
            "Q": [ 23 ]
          }
        },
        "$auto$proc_dlatch.cc:427:proc_dlatch$79": {
          "hide_name": 1,
          "type": "$dlatch",
          "parameters": {
            "EN_POLARITY": "00000000000000000000000000000000",
            "WIDTH": "00000000000000000000000000000001"
          },
          "attributes": {
            "src": "./top.v:60.1-81.5"
          },
          "port_directions": {
            "D": "input",
            "EN": "input",
            "Q": "output"
          },
          "connections": {
            "D": [ 35 ],
            "EN": [ 33 ],
            "Q": [ 24 ]
          }
        },
        "$auto$proc_dlatch.cc:427:proc_dlatch$82": {
          "hide_name": 1,
          "type": "$dlatch",
          "parameters": {
            "EN_POLARITY": "00000000000000000000000000000000",
            "WIDTH": "00000000000000000000000000000001"
          },
          "attributes": {
            "src": "./top.v:60.1-81.5"
          },
          "port_directions": {
            "D": "input",
            "EN": "input",
            "Q": "output"
          },
          "connections": {
            "D": [ 36 ],
            "EN": [ 33 ],
            "Q": [ 25 ]
          }
        },
        "$gt$./top.v:63$8": {
          "hide_name": 1,
          "type": "$gt",
          "parameters": {
            "A_SIGNED": "00000000000000000000000000000000",
            "A_WIDTH": "00000000000000000000000000010100",
            "B_SIGNED": "00000000000000000000000000000000",
            "B_WIDTH": "00000000000000000000000000010000",
            "Y_WIDTH": "00000000000000000000000000000001"
          },
          "attributes": {
            "src": "./top.v:63.7-63.20"
          },
          "port_directions": {
            "A": "input",
            "B": "input",
            "Y": "output"
          },
          "connections": {
            "A": [ 3, 4, 5, 6, 7, 8, 9, 10, 11, 12, 13, 14, 15, 16, 17, 18, 19, 20, 21, 22 ],
            "B": [ "0", "0", "0", "0", "1", "0", "1", "0", "1", "1", "0", "0", "0", "0", "1", "1" ],
            "Y": [ 37 ]
          }
        },
        "$gt$./top.v:69$11": {
          "hide_name": 1,
          "type": "$gt",
          "parameters": {
            "A_SIGNED": "00000000000000000000000000000000",
            "A_WIDTH": "00000000000000000000000000010100",
            "B_SIGNED": "00000000000000000000000000000000",
            "B_WIDTH": "00000000000000000000000000001111",
            "Y_WIDTH": "00000000000000000000000000000001"
          },
          "attributes": {
            "src": "./top.v:69.12-69.25"
          },
          "port_directions": {
            "A": "input",
            "B": "input",
            "Y": "output"
          },
          "connections": {
            "A": [ 3, 4, 5, 6, 7, 8, 9, 10, 11, 12, 13, 14, 15, 16, 17, 18, 19, 20, 21, 22 ],
            "B": [ "0", "0", "0", "0", "1", "1", "0", "0", "1", "0", "1", "0", "1", "1", "1" ],
            "Y": [ 38 ]
          }
        },
        "$gt$./top.v:75$14": {
          "hide_name": 1,
          "type": "$gt",
          "parameters": {
            "A_SIGNED": "00000000000000000000000000000000",
            "A_WIDTH": "00000000000000000000000000010100",
            "B_SIGNED": "00000000000000000000000000000000",
            "B_WIDTH": "00000000000000000000000000001100",
            "Y_WIDTH": "00000000000000000000000000000001"
          },
          "attributes": {
            "src": "./top.v:75.12-75.25"
          },
          "port_directions": {
            "A": "input",
            "B": "input",
            "Y": "output"
          },
          "connections": {
            "A": [ 3, 4, 5, 6, 7, 8, 9, 10, 11, 12, 13, 14, 15, 16, 17, 18, 19, 20, 21, 22 ],
            "B": [ "0", "0", "0", "1", "1", "1", "0", "1", "1", "1", "0", "1" ],
            "Y": [ 39 ]
          }
        },
        "$logic_and$./top.v:63$10": {
          "hide_name": 1,
          "type": "$logic_and",
          "parameters": {
            "A_SIGNED": "00000000000000000000000000000000",
            "A_WIDTH": "00000000000000000000000000000001",
            "B_SIGNED": "00000000000000000000000000000000",
            "B_WIDTH": "00000000000000000000000000000001",
            "Y_WIDTH": "00000000000000000000000000000001"
          },
          "attributes": {
            "src": "./top.v:63.7-63.36"
          },
          "port_directions": {
            "A": "input",
            "B": "input",
            "Y": "output"
          },
          "connections": {
            "A": [ 37 ],
            "B": [ 40 ],
            "Y": [ 26 ]
          }
        },
        "$logic_and$./top.v:69$13": {
          "hide_name": 1,
          "type": "$logic_and",
          "parameters": {
            "A_SIGNED": "00000000000000000000000000000000",
            "A_WIDTH": "00000000000000000000000000000001",
            "B_SIGNED": "00000000000000000000000000000000",
            "B_WIDTH": "00000000000000000000000000000001",
            "Y_WIDTH": "00000000000000000000000000000001"
          },
          "attributes": {
            "src": "./top.v:69.12-69.41"
          },
          "port_directions": {
            "A": "input",
            "B": "input",
            "Y": "output"
          },
          "connections": {
            "A": [ 38 ],
            "B": [ 41 ],
            "Y": [ 28 ]
          }
        },
        "$logic_and$./top.v:75$16": {
          "hide_name": 1,
          "type": "$logic_and",
          "parameters": {
            "A_SIGNED": "00000000000000000000000000000000",
            "A_WIDTH": "00000000000000000000000000000001",
            "B_SIGNED": "00000000000000000000000000000000",
            "B_WIDTH": "00000000000000000000000000000001",
            "Y_WIDTH": "00000000000000000000000000000001"
          },
          "attributes": {
            "src": "./top.v:75.12-75.41"
          },
          "port_directions": {
            "A": "input",
            "B": "input",
            "Y": "output"
          },
          "connections": {
            "A": [ 39 ],
            "B": [ 42 ],
            "Y": [ 30 ]
          }
        },
        "$lt$./top.v:63$9": {
          "hide_name": 1,
          "type": "$lt",
          "parameters": {
            "A_SIGNED": "00000000000000000000000000000000",
            "A_WIDTH": "00000000000000000000000000010100",
            "B_SIGNED": "00000000000000000000000000000000",
            "B_WIDTH": "00000000000000000000000000010001",
            "Y_WIDTH": "00000000000000000000000000000001"
          },
          "attributes": {
            "src": "./top.v:63.24-63.36"
          },
          "port_directions": {
            "A": "input",
            "B": "input",
            "Y": "output"
          },
          "connections": {
            "A": [ 3, 4, 5, 6, 7, 8, 9, 10, 11, 12, 13, 14, 15, 16, 17, 18, 19, 20, 21, 22 ],
            "B": [ "0", "0", "0", "0", "1", "1", "1", "0", "1", "0", "0", "0", "1", "0", "0", "0", "1" ],
            "Y": [ 40 ]
          }
        },
        "$lt$./top.v:69$12": {
          "hide_name": 1,
          "type": "$lt",
          "parameters": {
            "A_SIGNED": "00000000000000000000000000000000",
            "A_WIDTH": "00000000000000000000000000010100",
            "B_SIGNED": "00000000000000000000000000000000",
            "B_WIDTH": "00000000000000000000000000010000",
            "Y_WIDTH": "00000000000000000000000000000001"
          },
          "attributes": {
            "src": "./top.v:69.29-69.41"
          },
          "port_directions": {
            "A": "input",
            "B": "input",
            "Y": "output"
          },
          "connections": {
            "A": [ 3, 4, 5, 6, 7, 8, 9, 10, 11, 12, 13, 14, 15, 16, 17, 18, 19, 20, 21, 22 ],
            "B": [ "0", "0", "0", "0", "1", "0", "1", "0", "1", "1", "0", "0", "0", "0", "1", "1" ],
            "Y": [ 41 ]
          }
        },
        "$lt$./top.v:75$15": {
          "hide_name": 1,
          "type": "$lt",
          "parameters": {
            "A_SIGNED": "00000000000000000000000000000000",
            "A_WIDTH": "00000000000000000000000000010100",
            "B_SIGNED": "00000000000000000000000000000000",
            "B_WIDTH": "00000000000000000000000000001111",
            "Y_WIDTH": "00000000000000000000000000000001"
          },
          "attributes": {
            "src": "./top.v:75.29-75.41"
          },
          "port_directions": {
            "A": "input",
            "B": "input",
            "Y": "output"
          },
          "connections": {
            "A": [ 3, 4, 5, 6, 7, 8, 9, 10, 11, 12, 13, 14, 15, 16, 17, 18, 19, 20, 21, 22 ],
            "B": [ "0", "0", "0", "0", "1", "1", "0", "0", "1", "0", "1", "0", "1", "1", "1" ],
            "Y": [ 42 ]
          }
        },
        "$procmux$20": {
          "hide_name": 1,
          "type": "$mux",
          "parameters": {
            "WIDTH": "00000000000000000000000000000001"
          },
          "attributes": {
            "full_case": "00000000000000000000000000000001",
            "src": "./top.v:69.12-69.41|./top.v:69.8-80.7"
          },
          "port_directions": {
            "A": "input",
            "B": "input",
            "S": "input",
            "Y": "output"
          },
          "connections": {
            "A": [ "0" ],
            "B": [ "1" ],
            "S": [ 28 ],
            "Y": [ 43 ]
          }
        },
        "$procmux$23": {
          "hide_name": 1,
          "type": "$mux",
          "parameters": {
            "WIDTH": "00000000000000000000000000000001"
          },
          "attributes": {
            "full_case": "00000000000000000000000000000001",
            "src": "./top.v:63.7-63.36|./top.v:63.3-80.7"
          },
          "port_directions": {
            "A": "input",
            "B": "input",
            "S": "input",
            "Y": "output"
          },
          "connections": {
            "A": [ 43 ],
            "B": [ "1" ],
            "S": [ 26 ],
            "Y": [ 36 ]
          }
        },
        "$procmux$28": {
          "hide_name": 1,
          "type": "$mux",
          "parameters": {
            "WIDTH": "00000000000000000000000000000001"
          },
          "attributes": {
            "full_case": "00000000000000000000000000000001",
            "src": "./top.v:69.12-69.41|./top.v:69.8-80.7"
          },
          "port_directions": {
            "A": "input",
            "B": "input",
            "S": "input",
            "Y": "output"
          },
          "connections": {
            "A": [ "1" ],
            "B": [ "0" ],
            "S": [ 28 ],
            "Y": [ 44 ]
          }
        },
        "$procmux$31": {
          "hide_name": 1,
          "type": "$mux",
          "parameters": {
            "WIDTH": "00000000000000000000000000000001"
          },
          "attributes": {
            "full_case": "00000000000000000000000000000001",
            "src": "./top.v:63.7-63.36|./top.v:63.3-80.7"
          },
          "port_directions": {
            "A": "input",
            "B": "input",
            "S": "input",
            "Y": "output"
          },
          "connections": {
            "A": [ 44 ],
            "B": [ "1" ],
            "S": [ 26 ],
            "Y": [ 35 ]
          }
        },
        "$procmux$39": {
          "hide_name": 1,
          "type": "$mux",
          "parameters": {
            "WIDTH": "00000000000000000000000000000001"
          },
          "attributes": {
            "full_case": "00000000000000000000000000000001",
            "src": "./top.v:63.7-63.36|./top.v:63.3-80.7"
          },
          "port_directions": {
            "A": "input",
            "B": "input",
            "S": "input",
            "Y": "output"
          },
          "connections": {
            "A": [ "1" ],
            "B": [ "0" ],
            "S": [ 26 ],
            "Y": [ 34 ]
          }
        }
      },
      "netnames": {
        "$0\\led1[0:0]": {
          "hide_name": 1,
          "bits": [ 34 ],
          "attributes": {
            "src": "./top.v:60.1-81.5"
          }
        },
        "$0\\led2[0:0]": {
          "hide_name": 1,
          "bits": [ 35 ],
          "attributes": {
            "src": "./top.v:60.1-81.5"
          }
        },
        "$0\\led3[0:0]": {
          "hide_name": 1,
          "bits": [ 36 ],
          "attributes": {
            "src": "./top.v:60.1-81.5"
          }
        },
        "$auto$rtlil.cc:2412:Not$51": {
          "hide_name": 1,
          "bits": [ 27 ],
          "attributes": {
          }
        },
        "$auto$rtlil.cc:2412:Not$53": {
          "hide_name": 1,
          "bits": [ 29 ],
          "attributes": {
          }
        },
        "$auto$rtlil.cc:2412:Not$55": {
          "hide_name": 1,
          "bits": [ 31 ],
          "attributes": {
          }
        },
        "$auto$rtlil.cc:2416:ReduceOr$67": {
          "hide_name": 1,
          "bits": [ 32 ],
          "attributes": {
          }
        },
        "$auto$rtlil.cc:2416:ReduceOr$73": {
          "hide_name": 1,
          "bits": [ 33 ],
          "attributes": {
          }
        },
        "$gt$./top.v:63$8_Y": {
          "hide_name": 1,
          "bits": [ 37 ],
          "attributes": {
            "src": "./top.v:63.7-63.20"
          }
        },
        "$gt$./top.v:69$11_Y": {
          "hide_name": 1,
          "bits": [ 38 ],
          "attributes": {
            "src": "./top.v:69.12-69.25"
          }
        },
        "$gt$./top.v:75$14_Y": {
          "hide_name": 1,
          "bits": [ 39 ],
          "attributes": {
            "src": "./top.v:75.12-75.25"
          }
        },
        "$logic_and$./top.v:63$10_Y": {
          "hide_name": 1,
          "bits": [ 26 ],
          "attributes": {
            "src": "./top.v:63.7-63.36"
          }
        },
        "$logic_and$./top.v:69$13_Y": {
          "hide_name": 1,
          "bits": [ 28 ],
          "attributes": {
            "src": "./top.v:69.12-69.41"
          }
        },
        "$logic_and$./top.v:75$16_Y": {
          "hide_name": 1,
          "bits": [ 30 ],
          "attributes": {
            "src": "./top.v:75.12-75.41"
          }
        },
        "$lt$./top.v:63$9_Y": {
          "hide_name": 1,
          "bits": [ 40 ],
          "attributes": {
            "src": "./top.v:63.24-63.36"
          }
        },
        "$lt$./top.v:69$12_Y": {
          "hide_name": 1,
          "bits": [ 41 ],
          "attributes": {
            "src": "./top.v:69.29-69.41"
          }
        },
        "$lt$./top.v:75$15_Y": {
          "hide_name": 1,
          "bits": [ 42 ],
          "attributes": {
            "src": "./top.v:75.29-75.41"
          }
        },
        "$procmux$20_Y": {
          "hide_name": 1,
          "bits": [ 43 ],
          "attributes": {
          }
        },
        "$procmux$28_Y": {
          "hide_name": 1,
          "bits": [ 44 ],
          "attributes": {
          }
        },
        "clk": {
          "hide_name": 0,
          "bits": [ 2 ],
          "attributes": {
            "src": "./top.v:44.11-44.14"
          }
        },
        "contador2": {
          "hide_name": 0,
          "bits": [ 3, 4, 5, 6, 7, 8, 9, 10, 11, 12, 13, 14, 15, 16, 17, 18, 19, 20, 21, 22 ],
          "attributes": {
            "src": "./top.v:45.23-45.32"
          }
        },
        "led1": {
          "hide_name": 0,
          "bits": [ 23 ],
          "attributes": {
            "src": "./top.v:46.16-46.20"
          }
        },
        "led2": {
          "hide_name": 0,
          "bits": [ 24 ],
          "attributes": {
            "src": "./top.v:47.16-47.20"
          }
        },
        "led3": {
          "hide_name": 0,
          "bits": [ 25 ],
          "attributes": {
            "src": "./top.v:48.16-48.20"
          }
        }
      }
    },
    "top": {
      "attributes": {
        "top": "00000000000000000000000000000001",
        "src": "./top.v:85.1-113.10"
      },
      "ports": {
        "clk": {
          "direction": "input",
          "bits": [ 2 ]
        },
        "echo": {
          "direction": "input",
          "bits": [ 3 ]
        },
        "trig": {
          "direction": "output",
          "bits": [ 4 ]
        },
        "led1": {
          "direction": "output",
          "bits": [ 5 ]
        },
        "led2": {
          "direction": "output",
          "bits": [ 6 ]
        },
        "led3": {
          "direction": "output",
          "bits": [ 7 ]
        }
      },
      "cells": {
        "ContadorConEcho_i1": {
          "hide_name": 0,
          "type": "ContadorConEcho",
          "parameters": {
          },
          "attributes": {
            "module_not_derived": "00000000000000000000000000000001",
            "src": "./top.v:100.19-104.4"
          },
          "port_directions": {
            "clk": "input",
            "contador2": "output",
            "echo": "input"
          },
          "connections": {
            "clk": [ 2 ],
            "contador2": [ 8, 9, 10, 11, 12, 13, 14, 15, 16, 17, 18, 19, 20, 21, 22, 23, 24, 25, 26, 27 ],
            "echo": [ 3 ]
          }
        },
        "ContadorConTrigger_i0": {
          "hide_name": 0,
          "type": "ContadorConTrigger",
          "parameters": {
          },
          "attributes": {
            "module_not_derived": "00000000000000000000000000000001",
            "src": "./top.v:95.22-98.4"
          },
          "port_directions": {
            "clk": "input",
            "trigger": "output"
          },
          "connections": {
            "clk": [ 2 ],
            "trigger": [ 4 ]
          }
        },
        "ControlLed_i2": {
          "hide_name": 0,
          "type": "ControlLed",
          "parameters": {
          },
          "attributes": {
            "module_not_derived": "00000000000000000000000000000001",
            "src": "./top.v:106.14-112.4"
          },
          "port_directions": {
            "clk": "input",
            "contador2": "input",
            "led1": "output",
            "led2": "output",
            "led3": "output"
          },
          "connections": {
            "clk": [ 2 ],
            "contador2": [ 8, 9, 10, 11, 12, 13, 14, 15, 16, 17, 18, 19, 20, 21, 22, 23, 24, 25, 26, 27 ],
            "led1": [ 5 ],
            "led2": [ 6 ],
            "led3": [ 7 ]
          }
        }
      },
      "netnames": {
        "clk": {
          "hide_name": 0,
          "bits": [ 2 ],
          "attributes": {
            "src": "./top.v:86.9-86.12"
          }
        },
        "echo": {
          "hide_name": 0,
          "bits": [ 3 ],
          "attributes": {
            "src": "./top.v:87.9-87.13"
          }
        },
        "led1": {
          "hide_name": 0,
          "bits": [ 5 ],
          "attributes": {
            "src": "./top.v:89.10-89.14"
          }
        },
        "led2": {
          "hide_name": 0,
          "bits": [ 6 ],
          "attributes": {
            "src": "./top.v:90.10-90.14"
          }
        },
        "led3": {
          "hide_name": 0,
          "bits": [ 7 ],
          "attributes": {
            "src": "./top.v:91.10-91.14"
          }
        },
        "s0": {
          "hide_name": 0,
          "bits": [ 8, 9, 10, 11, 12, 13, 14, 15, 16, 17, 18, 19, 20, 21, 22, 23, 24, 25, 26, 27 ],
          "attributes": {
            "src": "./top.v:93.15-93.17"
          }
        },
        "trig": {
          "hide_name": 0,
          "bits": [ 4 ],
          "attributes": {
            "src": "./top.v:88.10-88.14"
          }
        }
      }
    }
  }
}
